Method name: masterkurs2018_n2a_undifferentiated																																														
Application: SparkControl				1.1																																										
Device: SPARK 10M				Serial number: 1511007580																																										
Firmware: 				LUM:V4.0.22|ABS:V4.2.9|ABS_MEX:V4.1.7|MTP:V9.0.18|FLUOR:V4.2.12|GCM:V3.0.2																																										
 																																														
Date: 				2018-01-10																																										
Time: 				11:00																																										
System 				PC-2WPML82																																										
User 				NT-AUTORITÄT\NETZWERKDIENST																																										
Plate 				[GRE96fw_chimney] - Greiner 96 Flat White [GRE96fw_chimney]																																										
Lid lifter 				Removable lid 																																										
Humidity Cassette 				No humidity cassette 																																										
																																														
List of actions in this measurement script:																																														
Plate																																														
	Temperature																																													
	Gas 																																													
	User intervention																																													
	Kinetic																																													
		Luminescence				RTG																																								
		Condition																																												
			User intervention																																											
																																														
Plate layout																																														
Name				GRE96fw_chimney																																										
																																														
Temperature control				On																																										
Target temperature				37	°C																																									
Wait minimum				36,5	°C																																									
Wait maximum				37,5	°C																																									
																																														
Gas control				CO2																																										
CO2 target value				5	%																																									
CO2 wait minimum				4,5	%																																									
CO2 wait maximum				5,5	%																																									
																																														
User intervention text				Start assay																																										
																																														
Mode	Kinetic																																													
Kinetic cycles				49																																										
Interval time				00:30:00																																										
																																														
Mode	Luminescence																																													
Attenuation				None																																										
Settle time				0	ms																																									
Integration time				1000	ms																																									
Output				Counts / s																																										
Part of Plate				A1-D12;E1-H11																																										
																																														
Mode	Condition																																													
Type				Start at cycle																																										
Executed once																																														
Operation				at cycle 7																																										
																																														
User intervention text				Add glutamate																																										
																																														
Start Time				2018-01-09 12:06:24																																										
																																														
RTG																																														
Cycle Nr.	1	2	3	4	5	6	7	8	9	10	11	12	13	14	15	16	17	18	19	20	21	22	23	24	25	26	27	28	29	30	31	32	33	34	35	36	37	38	39	40	41	42	43	44	45	46
Time [s]	0	1799,19	3599,113	5399,02	7198,93	8998,857	10798,762	12599,109	14398,615	16198,522	17998,449	19798,343	21598,262	23398,189	25198,092	26998,006	28797,913	30597,838	32397,734	34197,652	35997,578	37797,477	39597,394	41397,319	43197,228	44997,134	46797,051	48596,985	50396,893	52196,803	53996,71	55796,636	57596,545	59396,452	61196,376	62996,289	64796,194	66596,119	68396,024	70195,936	71995,844	73795,766	75595,695	77395,602	79195,51	80995,418
CO2 %	4,6	5	5	5	5	5	5	5	5	5	5	5	5	5	5	5	5	5	5	5	5	5	5	5	5	5	5	5	5	5	5	5	5	5	5	5	5	5	5	5	5	5	5	5	5	5
O2 %	19,7	19,6	19,6	19,6	19,6	19,6	19,6	19,6	19,6	19,6	19,6	19,6	19,6	19,6	19,6	19,6	19,6	19,6	19,6	19,6	19,6	19,6	19,6	19,6	19,6	19,6	19,6	19,6	19,6	19,6	19,6	19,6	19,6	19,6	19,6	19,6	19,6	19,6	19,6	19,6	19,6	19,6	19,6	19,6	19,6	19,6
Temp. [°C]	37,14	37,22	36,94	36,98	37,13	37,04	36,95	37,04	37,06	37,09	37,04	37,09	37,1	36,89	37,11	37,11	37,18	36,93	37,11	36,9	36,97	37,07	37,02	36,96	36,97	37,18	37,05	37,05	36,92	37	36,91	37,02	37,07	37,09	37,05	37,14	37,02	37,15	36,96	37,08	37,11	36,89	36,94	36,95	36,97	36,94
A1	10034	97368	126066	141892	155011	163510	170826	161774	168257	173611	176724	180054	181566	183237	186245	187365	188649	189592	190150	192339	193273	194040	196191	196382	197827	199204	201605	204027	205849	209747	211561	213064	213334	217905	219198	223368	225682	228153	231551	234240	238158	240544	241493	245690	250813	252811
A2	7657	89479	118062	134308	146688	155443	162813	157191	162912	170512	172601	175695	177455	180887	182096	184457	185685	187034	189147	190243	191661	193595	195742	197682	198430	201558	204080	206091	208625	209712	213011	214636	217165	219538	222345	225924	228508	231108	234011	236633	238829	242137	244774	247886	252496	254710
A3	10912	110434	143314	154252	168598	178200	185931	171558	185406	188440	195486	197187	200105	202272	204645	206508	206912	207379	209815	210467	211946	212251	215155	215502	217600	219314	222452	224671	226606	230133	232849	234715	237802	240736	243796	248398	250332	253334	258065	261175	264875	267164	270543	273532	278793	281692
A4	6443	54908	72393	76916	85744	93016	96928	89186	97961	101082	103120	104653	107663	109708	112145	112808	114285	114834	116779	117464	119985	120215	122040	123280	124921	127379	128161	130375	132214	135367	137104	139708	141699	144285	146511	148974	150958	152913	156527	158327	161166	164307	167410	168836	171842	176294
A5	8382	96831	127496	147692	161788	173119	180117	167550	180895	184813	188432	192840	196053	197674	198262	201235	202686	203619	204514	206013	207415	208375	210268	211159	212028	214272	215922	218135	218823	221470	223465	226296	229392	230172	233968	236998	238785	241518	245598	247054	250535	253638	256280	259542	262394	266194
A6	11945	122960	169672	187543	202505	214787	221221	205054	222305	230290	234368	236993	240784	243307	245057	248365	248281	249861	251694	254289	252944	254830	256973	259860	262020	264965	265796	267988	269827	272174	275395	278123	281467	284588	287137	290338	292829	298217	300431	303929	307777	311973	316742	319240	322870	326344
A7	9575	92267	131529	150732	167554	178258	185607	170784	183321	189322	193245	195414	198278	198823	201614	203899	204981	205768	205996	206282	208951	209376	210890	212073	214067	215727	217960	219260	221427	222611	225799	228945	229912	233338	235576	238549	242115	244420	246831	249616	253312	255174	260212	262080	267062	270141
A8	11742	114048	160201	181714	200971	213541	220733	209102	223486	227653	231847	235079	236650	238702	241754	243211	243819	244436	245021	247068	247565	247093	248516	250970	251729	251847	252744	254901	256958	259815	261725	264159	265594	267196	271248	273394	276287	279734	282216	284472	287666	291146	293606	297745	301895	304243
A9	10179	92237	134414	151688	170237	182430	187816	179107	186502	192956	198397	199618	202887	204041	207678	208814	209586	210974	211043	213075	214406	214837	215907	218108	219272	220988	221742	223393	225592	227891	231027	232889	235239	237700	241141	244241	246572	247506	253026	254666	257909	262151	263909	267781	270896	274987
A10	8743	93500	130822	139398	155146	165743	173181	168846	180303	185733	189954	193020	195912	197516	200790	203326	205099	206738	208369	210270	213184	213646	216544	218727	221296	224373	226670	229553	230880	234789	237983	240418	243273	246030	249976	254105	256789	259791	262817	266350	269676	270844	275107	279922	281628	284112
A11	8483	91819	126548	138684	154458	164937	171380	172136	180031	184089	187002	192013	192900	194739	196402	198921	199191	200945	202953	203562	204832	207100	208643	210146	213460	216030	216592	218451	221117	223772	226171	229082	230596	233909	236268	238535	240912	244061	247018	249537	252471	255447	258940	261616	263348	266614
A12	460	543	444	514	612	647	594	720	786	809	888	962	1013	1064	1112	1125	1270	1273	1396	1456	1411	1421	1458	1579	1621	1513	1630	1556	1674	1780	1685	1801	1843	1866	1813	1876	1972	1987	1946	1924	2019	2054	2173	2179	2280	2262
B1	11424	102315	130109	142783	155220	164161	169870	163267	169811	175250	178515	181584	183033	185150	186706	190165	189946	191007	192368	193593	196008	195278	197375	199481	201532	203085	203401	206607	209928	211164	213807	216768	219423	221657	226246	229527	230874	235055	240399	242346	245444	249426	253359	255625	259420	262935
B2	9378	95877	128671	139375	151115	159564	166192	159205	167191	171615	174262	177030	179650	181599	183261	185036	186318	187115	188670	189782	191288	193002	193994	194929	197345	198931	200813	202729	206055	208988	210578	213728	215594	218614	222073	224774	228308	231362	233749	237824	239025	244162	246792	249263	252964	256320
B3	13244	122880	166119	182352	197894	205268	212582	203843	210556	218763	223075	226621	228521	231563	234108	235529	236421	236890	238971	239051	241742	242594	244287	245594	247153	250156	252359	258936	261752	264437	266344	267525	271573	274869	277868	281524	285115	289207	290661	294835	297774	301863	305290	308817	312636	316944
B4	12734	134950	183500	204759	222860	234919	243772	225988	244113	246825	252700	255395	258119	260969	262407	263930	264835	265881	266887	268712	269704	271402	272471	272939	275037	275982	278158	280820	283652	284422	287335	289753	291948	294168	297206	300526	303687	307500	309458	313675	317000	320363	324745	327441	331054	335664
B5	5207	60350	83979	90806	98891	105454	110080	102606	111654	113418	116329	117656	119255	122355	123000	125041	125514	126772	127616	129082	129622	131473	132161	133457	135168	136745	137276	140092	141535	142752	145666	146510	148054	150614	153081	155158	157579	159772	161779	163999	166902	169259	172344	174056	175995	179526
B6	9971	109774	150442	170196	185891	197696	204968	191489	203375	210142	214797	217628	220261	222765	223970	226611	227234	228490	229716	229880	232231	231455	232311	233841	235229	237227	238669	240005	241720	244407	246042	249800	251672	254708	257328	259895	262744	264910	266528	270471	273156	276418	280847	282773	286463	289192
B7	10937	99503	144141	167975	187498	200094	206460	193352	204436	210916	215633	218102	221038	222944	224979	227753	227527	228601	229347	229032	231235	231887	232745	234179	235107	237399	238662	240983	243336	245028	247298	250265	252043	255727	258166	261584	263648	265899	268216	270934	274783	277458	280569	283051	287923	289652
B8	10882	97818	141306	161272	180713	193347	201977	191079	200178	206501	210914	214193	216763	218796	221880	222001	224393	224564	223894	226216	228118	227385	229970	231030	232274	233266	233924	236415	237672	240710	243700	245072	247814	249819	253160	254560	256906	259664	262182	264913	267088	271192	274118	277242	280053	282662
B9	8493	88825	131443	150114	166988	178714	186390	176939	186675	192600	197151	199568	201593	204040	207068	208505	208840	209478	210273	209409	208099	210452	209438	211402	213307	214718	215806	217674	219627	221530	223337	225664	227666	230239	233247	235810	238600	240254	242847	245567	248421	251821	255074	259189	261485	263860
B10	7838	98309	143655	157278	174423	185927	193981	194673	202932	208174	212840	216436	218249	220252	222450	226231	226564	227839	229549	231554	233423	234613	236797	237883	239898	241661	243278	245982	248553	250876	253666	255761	257900	261476	264159	267350	270523	273689	275898	279902	282460	285463	286766	291000	293793	295900
B11	9098	104293	148567	165057	183650	194633	203231	206748	211157	216601	222116	225472	228530	231888	234769	236031	238190	238869	241343	244661	246103	248000	248096	251481	253458	255222	257115	260881	262165	264509	267831	270062	272420	276109	279817	282004	285619	288987	291295	295013	297847	301240	303441	305716	309558	313244
B12	425	575	556	568	623	708	778	828	869	898	973	919	1015	1160	1134	1156	1285	1290	1209	1287	1338	1426	1450	1440	1504	1491	1606	1632	1617	1607	1674	1709	1672	1702	1761	1817	1872	1879	1852	1865	2001	1936	2127	1987	2096	2114
C1	10168	81405	102972	112852	125464	133985	139831	134973	142709	143843	146371	149566	151429	152594	155424	155588	156738	156845	158562	159095	160148	160620	161527	161273	162194	164022	162993	165417	165056	166466	168413	167521	168574	171079	171617	173480	175412	176124	178458	180257	183001	185313	184887	188669	191209	192351
C2	8976	92672	128228	136289	149455	158600	163161	158839	170257	173221	176564	177566	180230	180667	184225	185184	185954	186976	188110	189398	189187	189897	191377	191943	192857	194790	195920	196622	197591	198191	198649	200100	201087	203153	204901	207014	207985	210190	212231	213785	215315	217888	219911	223415	225205	228664
C3	10745	100557	137242	145244	159313	169418	175773	168226	180134	182411	184354	186636	189533	191771	193890	196210	197386	197731	198403	200470	200645	202197	202922	203471	206226	205730	207690	208910	209693	209843	212740	213727	214494	216318	217950	220318	220916	223415	225963	228119	230336	233626	236038	238892	240666	243405
C4	9456	105389	148959	163657	181596	192060	200469	187446	202107	204790	208073	212400	215439	217883	219823	221183	222208	222618	223896	225962	226198	226782	228272	228927	229827	231914	231720	234119	234052	237386	236556	238438	240686	242210	242539	245673	247034	248575	252197	253052	255700	258628	260693	264027	266213	269877
C5	8965	85227	114947	127279	139827	148680	155753	147530	159919	163641	164789	167998	170380	171934	174509	175169	176736	177752	178665	180112	181016	181942	183110	184876	185372	185686	186781	187942	187786	189559	192968	193269	195901	195968	197456	199756	200029	202634	203583	204288	207471	210607	211978	212626	215784	217458
C6	7235	94952	144689	165244	186645	200043	210463	195855	212886	218418	222076	225883	229356	230983	234770	236098	238986	238740	239265	241894	242260	242854	244932	245434	246836	247078	248798	249769	251247	252394	253405	254175	255901	256757	259203	260912	263632	264325	265823	268133	270103	273462	275993	276612	280981	284640
C7	9422	96806	149828	171949	192553	205571	215711	201889	217835	222916	223785	226836	229072	230519	232989	234234	235196	235674	236615	238139	238232	238790	239724	239780	241253	241438	241849	243650	245525	245612	247137	245895	247144	250377	250726	252003	254478	256185	257080	259829	261567	263294	265884	267540	269072	272781
C8	9407	89377	132826	152748	172778	185016	194400	182261	196318	200288	202117	204857	207060	212146	213539	214037	215440	216047	218058	217536	218435	218946	219284	220262	222053	222272	223135	223642	225271	225675	226815	227906	228062	228260	231566	233801	234521	235844	237258	239894	240886	244286	245862	246285	249379	251501
C9	9178	85167	130268	146054	165066	177382	185441	177996	189411	192928	195479	197310	200247	200907	204188	206046	207555	206986	207953	208651	209940	210279	210832	211049	211782	212464	213389	215294	215063	215755	217263	217229	218665	220446	220009	222480	224169	225376	226866	228239	230256	231803	233256	234724	238081	240293
C10	8098	91309	133836	148195	165080	175890	183836	184272	191392	197970	202713	207073	208684	210330	212986	216486	218196	219256	219712	222908	224258	227071	228889	231376	233277	235057	237253	239395	242872	245036	247958	250066	252624	255310	260490	262519	265737	268441	272073	274806	278020	280382	284686	287019	289915	293987
C11	6325	72988	107044	117991	132228	142781	151081	155007	159519	164058	168635	172339	173837	176055	178238	180606	181044	183492	184379	185342	187814	188980	189820	192273	193605	196037	197072	199608	201691	204238	206534	209120	211455	213714	216432	218329	221390	224744	227298	230345	232083	235182	238211	241557	244824	247327
C12	496	1272	1505	1612	1916	1982	2234	2370	2511	2729	2892	3008	3078	3298	3436	3491	3664	3753	3901	3878	3867	4042	4136	4156	4362	4431	4410	4593	4564	4732	4721	4911	5018	5080	5073	5258	5337	5410	5458	5518	5527	5752	5953	6029	6012	6148
D1	13896	115323	141851	159344	173846	183707	190923	189021	196145	201385	203501	205267	207966	210679	212743	214313	215882	215060	215797	217181	217746	219982	219483	219847	222156	222594	223761	225187	227083	226618	229337	229283	230874	233138	236231	237911	241593	242980	245377	248664	249874	253337	258139	260968	263054	267502
D2	11668	104509	139724	151259	164383	173663	180733	173734	183352	188110	189701	193320	195012	197149	199942	200009	201547	202283	202240	204502	204173	206504	206588	207542	208808	210650	210609	211066	212675	214921	215331	215741	216517	219440	220155	223946	224538	226374	228455	231618	232521	234727	238178	239413	242748	245947
D3	12199	98875	134825	146745	159266	169386	176112	166250	177348	182932	185252	187129	189321	191217	193683	195183	196798	196405	197070	198556	200140	199760	200720	201777	203222	203078	205086	206947	206850	208347	209115	210791	212440	214039	214008	217708	218784	220837	223616	225535	228858	230142	232614	235567	238437	240027
D4	12223	126964	170459	191002	207549	219071	229576	216134	229620	234887	237282	242306	244424	247938	250914	253305	253146	255230	256294	256684	258394	259265	259341	261655	260628	262763	264532	265528	266221	267065	269352	270883	271374	273580	275134	276316	279481	281478	283705	285324	286700	290344	292967	295092	298283	301101
D5	11296	111731	150805	169708	184370	194326	205565	193518	208460	213383	214372	216758	221114	223102	226334	226689	228158	229073	229553	231480	231928	232947	234769	236026	235746	237496	238422	239856	240808	241751	244083	243827	245395	247009	249401	251479	253557	254954	257706	258573	262310	263252	267382	269707	273063	275448
D6	11365	112462	164867	188004	206242	218978	227862	217618	233173	238435	241158	245169	246574	252616	254449	258253	257736	258740	259778	260377	263369	263678	264925	267589	270454	269263	270186	272352	273690	274497	276917	278400	280988	282272	285794	286242	288857	291016	292700	294897	297478	299579	302151	304476	308129	312231
D7	9478	80931	121258	138451	154915	166930	175102	166652	178970	183116	185484	188229	189959	191630	194673	195609	197408	198903	198685	200325	200625	201569	202059	202542	205112	205720	205651	206939	207395	208624	208996	210269	212227	213205	214399	217088	217879	218138	221496	222612	224912	225832	227944	230968	234033	237190
D8	10535	94778	139925	159726	177308	188954	197204	187523	199923	205726	207879	208888	212148	214128	216119	217279	218844	218734	219055	219174	220474	220835	220694	222436	222574	223682	225006	225785	226536	226344	225337	227558	227934	230730	229872	233421	235732	235840	237914	240032	240554	244031	245507	246878	250380	253079
D9	10069	84821	125054	144000	164769	177814	187226	180877	189154	196581	198080	201778	204524	206785	209043	210307	213230	213645	214666	216035	217717	217056	218184	219444	219678	220450	220681	222543	223082	222950	224252	224874	223928	225334	226474	227434	229827	232144	234355	235330	236803	239084	241533	243441	245593	247420
D10	12802	112275	155696	181333	199669	212831	222228	213273	226589	236994	245295	249347	252636	256870	261761	265982	267566	269452	271654	268059	270721	272624	276651	277649	279035	283606	287369	288746	292976	294589	299256	300589	305752	310392	313630	318088	321142	324021	327826	330156	334532	339204	343499	347138	349538	353340
D11	10246	96097	140612	164939	186302	199301	208783	217447	222025	229186	234684	239237	241651	245651	248148	250636	253530	254966	256039	258124	259390	262488	263780	265024	267451	270887	273243	275305	276912	279874	283238	286566	289477	292160	297372	300917	304390	308217	312189	316054	318748	324297	327470	333617	336117	342082
D12	461	393	364	383	428	466	469	622	592	608	673	699	747	868	930	919	969	1032	1155	1035	1126	1171	1161	1293	1295	1304	1298	1341	1385	1306	1361	1376	1412	1361	1497	1574	1473	1594	1640	1546	1657	1694	1766	1738	1719	1804
E1	13508	97358	117339	135171	148540	157401	162363	153139	164561	171598	176002	178176	181084	183172	184482	187149	188734	190288	191590	193349	195717	197205	199120	201574	203406	206570	208625	211360	214744	216673	219997	221952	224404	229005	233073	236445	239440	243282	247855	249991	253322	256002	258937	263328	265604	268047
E2	9613	74932	100652	109209	120217	127674	133051	123347	133504	139800	143104	145751	147410	149568	152040	154111	155032	156960	157700	160655	161387	164547	165353	167537	169361	171277	174473	177114	178638	181799	184043	186228	189197	191827	195093	198656	200617	203125	205284	208958	211334	213941	216334	219650	222657	224714
E3	11669	100387	139662	147163	161445	171053	176995	160996	177257	184852	189569	192606	195563	197311	199804	201559	204323	206200	207645	209996	214479	214447	214305	219392	220838	223666	226274	229789	231387	234855	238765	241465	244678	247447	251516	254518	258167	262327	264460	267317	270366	274666	278166	280622	282101	287101
E4	10536	97252	134781	160455	176512	187951	196536	179301	200015	205715	211852	215433	219192	221181	224217	227568	229354	230825	232676	235744	237013	239016	241864	245632	246114	248605	252319	254433	256034	258700	262982	266073	268195	271825	275664	280119	283905	286407	289803	292576	295229	298906	304225	306623	309090	312911
E5	7448	71373	98446	109248	122247	130948	136902	128878	140768	145646	149543	151193	153476	156005	159089	159798	162505	163831	165466	166642	169464	171245	173012	175016	177015	179263	180996	184513	186698	189993	193133	195557	198278	201029	204375	207013	210678	213018	217008	219497	222978	225213	229152	232293	235292	237234
E6	10827	118822	165760	189896	210001	224014	233244	219301	239541	247707	253594	256682	260547	262105	265260	266905	269283	271301	273667	276181	276918	278293	280038	280871	283555	285825	289134	291367	294852	297281	301262	301812	306444	308684	313053	316252	320266	323506	328583	330364	333391	336723	341446	342812	348128	350578
E7	11736	102431	149467	176895	197414	208785	217283	196697	216764	222989	227479	231647	233849	235832	237856	240155	242055	242396	244094	245441	247185	248920	249888	251572	253625	255741	257270	261172	261956	266323	269848	269837	272278	276620	279860	283268	286914	289641	293092	295547	298784	301029	305399	308390	310498	314060
E8	10882	87114	123215	143873	162341	173150	179939	167301	180967	187365	192419	195198	198983	201795	204609	207594	208706	210618	212741	214222	216677	217540	220120	221588	223917	225149	227236	229195	231109	233158	236713	238978	240058	244279	246061	249054	251837	254466	257589	258780	262753	266502	268922	270086	273195	276618
E9	8983	73555	112014	135258	152771	165018	172942	165589	175684	182918	187130	190244	194504	196835	199137	201877	203347	205577	205960	207734	209950	211411	212517	214631	216613	219173	221659	223760	226464	227127	229356	231620	234026	236141	239636	241151	245891	249183	251341	254562	257140	261645	263841	266113	269578	271408
E10	9992	86049	125267	139009	156484	169272	177669	180075	186474	193903	199402	203779	207353	210967	213547	215524	219218	219345	222278	224696	225661	227937	229633	231031	232656	236072	239191	241106	242463	246526	250076	252258	253144	257887	259511	264171	266980	271800	274361	276051	278774	284650	285812	289560	292939	295935
E11	10314	88901	121434	136737	152892	164134	171018	167366	180253	185973	190171	193906	195426	198426	201643	203320	203703	205231	207577	208709	210485	211509	213721	215926	216526	218606	221252	222283	224531	227275	230071	231677	234248	237263	239252	242191	245587	248524	251379	253916	255970	260354	262223	267043	268803	271327
E12																																														
F1	18428	126905	150543	179898	196854	205773	213717	199184	213754	221120	226705	230988	233471	236709	237571	243036	241958	244121	246200	248352	249538	251269	252628	256428	257335	259702	263393	266228	267667	272614	274787	276678	279592	285257	288672	293579	296574	301632	304692	307036	311876	315947	318898	322897	325714	331418
F2	15110	108346	135901	149031	165189	173297	180778	169875	181300	189265	193069	197778	199666	201834	204430	206191	207844	209812	211900	214012	214815	216185	218570	221522	223128	225194	227251	230751	232107	236308	239926	241889	245310	247663	251422	255524	259690	262492	266620	269619	271679	274708	278363	282099	285013	287784
F3	9028	69887	93518	101528	112841	120168	126126	118664	127993	132538	136405	139495	141337	144137	145275	147259	147947	149631	152530	154963	154869	156554	158954	161193	161771	164560	167759	169627	171766	174897	176464	178095	179911	182994	186448	189783	192694	193759	197918	201150	203162	205903	208316	210930	213806	217137
F4	9741	84585	109546	131457	145631	155265	162954	151330	168911	174061	179029	183361	186576	187763	190790	192327	194007	195912	198531	199377	201800	203480	206347	207035	209821	212438	214303	216971	219901	222158	224415	226381	229433	233260	236040	240529	244073	247884	251594	253852	256823	259941	264759	266601	268787	272966
F5	10004	87451	117623	129971	143594	151886	159540	149037	162795	168662	172910	176665	179103	181671	183173	185826	188426	189067	191422	191857	194413	196063	198815	201104	203176	207229	207958	211927	214927	217106	221281	222332	226403	229281	233197	236863	240510	244047	248010	251430	254648	258436	263621	266244	269807	272809
F6	13853	122449	163729	191425	211639	224097	232520	217615	235595	244638	249880	254539	258338	259465	263833	266165	267954	270726	272131	274184	275119	276658	278294	281967	282965	286417	288486	290232	292930	295283	298167	300847	302775	306186	309951	314042	317556	321868	327459	327610	330099	335344	338681	343290	345421	350134
F7	11519	83692	118838	144854	165353	177302	186089	169825	184593	193385	198615	201012	204521	210607	214078	216502	217068	218441	220644	220709	222893	223992	225549	228034	229999	231447	233315	235793	237328	241065	241848	244951	246100	251035	253513	258513	261316	264153	266359	268952	271096	274492	278201	280813	283014	286946
F8	12629	90365	132223	158356	177714	190724	199586	185869	201633	209823	213856	217731	220184	222998	226928	228071	230891	231662	232288	233612	235605	238474	239083	240818	242400	244818	247871	248135	251460	254134	255902	257744	260898	263227	266945	270271	272350	277491	279951	281858	283625	287762	290305	292473	297674	301233
F9	10589	87256	129936	153790	175040	191550	200348	187363	201261	208608	213750	216737	219787	222711	223711	225882	228599	228938	230557	231011	232903	234174	235596	237582	238652	240829	242417	244790	247398	248377	250670	253223	255010	257802	262691	265689	268298	271712	273965	276185	279672	282584	287467	289072	293193	295255
F10	13705	116145	159793	179547	199535	212016	220526	217223	228622	234930	241075	244704	249083	250442	253259	256949	258951	260919	261948	264545	265675	267802	267923	270744	273162	274133	276440	278628	280749	283767	285692	287757	289950	292679	297028	299445	303445	306297	311035	313946	316200	320979	323851	326096	329890	331907
F11	10800	85299	111488	128745	144010	154481	161644	157808	170814	176412	181006	183993	187543	189438	192347	193847	196253	197522	200556	200844	202797	205122	205257	207777	208410	211617	213789	215673	217280	220605	223177	224888	227379	229017	233012	236604	238072	243040	246043	247970	250412	255063	258265	262174	264635	267560
F12																																														
G1	22994	142337	173233	202415	220189	228812	235628	224066	236819	244705	251734	255848	258213	260385	263394	267078	268299	268449	271640	273286	274691	276277	278732	280322	282931	285376	288556	291407	293769	298100	301018	302786	305908	310726	314435	320716	324065	328789	333291	336502	341110	344912	350181	356043	357329	363038
G2	14215	94089	109690	130273	144186	151570	156840	150567	158698	165886	170224	172424	177054	178254	180160	183686	184230	186870	188345	190268	190616	193230	195167	198473	198942	202884	205209	207406	210237	214654	216093	218420	221418	224501	228965	232070	234924	239065	243333	245521	248691	252564	255034	259533	262089	265956
G3	7746	52536	63656	74630	84074	89891	94237	88949	96185	100329	103218	106903	109045	111125	112552	114519	115894	116747	118674	120556	121960	123634	124818	127621	128791	130744	133113	135135	137147	139361	141329	143648	145521	147525	151334	153154	155466	158377	160698	163267	165707	168127	171344	172560	176407	178692
G4	10489	71463	89027	108572	119881	127967	134085	123231	134772	141847	145795	148631	151480	153727	156571	158978	160908	161819	163752	165710	167612	170121	170604	173446	175384	177009	180713	182866	185193	188273	190601	193965	195227	198264	202294	205420	207188	211609	213948	216691	219016	223096	225598	229122	232884	236485
G5	7773	57777	74316	91148	102629	108298	114867	107419	117613	121735	126085	126458	130153	130078	133014	133821	134563	135184	136519	136607	136458	137841	137667	138829	139416	139412	140375	142552	142369	144037	144024	144726	145847	147742	149107	150132	151494	153604	154012	156080	157728	158683	160967	161133	163621	163740
G6	9160	76384	105437	129854	140619	146724	153998	152828	163636	170486	174732	178828	180979	183996	187036	189540	190499	191201	191712	194277	195293	197745	199777	201475	203036	205521	206839	209903	210671	213549	215972	216485	218778	222570	223884	227870	231118	233465	236153	236716	240243	242674	244883	247447	249334	251162
G7	13893	97621	135490	169060	187880	199972	207951	191909	209514	216716	223452	225460	228248	230043	229974	232714	231369	230321	227669	227676	225381	225404	223871	224999	223809	224469	224043	223490	223637	224206	223786	223635	222703	224947	226091	227359	227506	228957	230875	230873	231767	233293	234723	236183	236792	237464
G8	12316	81116	115760	142106	160793	171432	181252	165763	181753	190125	194474	198173	200690	204176	206147	208697	208839	209831	212065	212993	215050	215358	216452	219003	220373	222585	225369	226885	228909	230598	232540	234697	239000	241086	244554	248394	251336	255390	257572	260699	263204	266450	270586	274298	276182	280038
G9	14248	101289	138615	167905	187925	199097	207975	193293	208111	216833	221403	225593	228261	231341	232943	236910	237238	239114	239152	242116	243396	244860	246021	247571	248182	251909	251721	252962	255528	256991	259679	260417	262686	266224	270373	273166	275693	278979	281813	284711	288158	291222	295040	298419	300429	304272
G10	11122	89121	126965	159102	177751	189191	197197	196208	212143	221952	226611	231526	233746	237742	240028	245637	245996	247310	250695	251896	253981	255393	256656	260085	260866	263445	264517	268018	270708	272601	275851	275758	279062	282302	287558	290252	294215	298036	301379	305991	309345	312110	316773	319925	325445	330772
G11	14215	98771	129132	161250	179075	189556	198647	190830	206652	215037	220068	223919	227391	231652	233782	236250	239404	240282	241556	243916	245739	246978	249066	250954	252502	255597	256888	260794	263313	266299	269556	271369	272764	277264	283374	286672	290172	293983	298752	301904	305810	310421	313676	317148	321597	326181
G12																																														
H1	4112	23704	26335	32430	36898	39785	42308	40725	43645	45605	47401	48438	49590	50669	51372	52426	53003	53632	54425	55267	56047	57030	57051	57825	58362	59711	60206	61999	62526	63794	64875	65410	66215	67312	69385	70169	71225	72929	73954	74788	76136	77432	78484	79977	80969	82711
H2	5700	36673	43136	49628	55429	59760	62813	59531	63896	66952	68408	70351	72085	72656	73876	75480	76513	77036	77616	79539	80275	80807	82313	83055	84170	85403	87205	88005	89178	91223	92384	92749	94685	96239	98071	99903	102071	103779	104779	106445	108304	109764	111911	113827	114711	116413
H3	3072	16225	18218	19563	21917	24020	25260	23242	25663	26819	27915	28745	29788	30644	30768	31485	31627	32204	33291	33579	33962	34189	34602	35346	35866	36921	37178	37386	38635	38849	39824	39814	40497	41477	41891	42664	43846	44755	44720	45696	46253	47603	47909	48300	49751	50813
H4	5011	30410	35843	43637	48766	53434	57228	51410	58459	60831	62957	64949	65674	67229	68617	69759	70375	70819	71846	73628	73903	74542	74962	76957	77552	78638	80065	81157	82211	83895	85151	85243	87055	88380	89734	91392	93349	94606	96693	97321	98624	100903	102228	103931	105075	106418
H5	5692	52809	67833	84496	95808	104256	109893	99024	112875	117584	121851	123942	126254	127794	130271	131538	134121	134849	137640	138953	141328	142162	143533	145260	146976	148730	150652	152960	154724	157274	159223	160750	163432	166363	168357	171722	173619	175836	178284	182172	183874	185746	189566	190852	192788	196572
H6	1984	9395	9720	11298	13170	14489	15437	13349	15535	16145	17250	17465	18211	18802	19173	19361	19808	19863	20594	20750	21028	21288	21546	21868	22341	22722	23103	23498	23755	24179	24508	24890	25251	25710	26346	26793	27637	27846	28415	28963	29425	29659	30825	31133	31711	32029
H7	5716	29867	38029	47634	54422	58973	63048	56376	63941	67344	69565	71329	73100	70517	72297	73068	74140	74537	75842	76788	77955	78610	79061	80722	80767	83093	83630	85522	85859	87416	91302	92478	93444	95656	97136	98910	100211	101905	103828	105299	105965	108226	110053	111529	112895	114826
H8	7112	41396	50654	65455	74062	80115	85251	76466	85637	90289	92750	94898	97229	99329	100581	102829	104659	104920	106989	108076	108551	110307	110686	112331	113577	115477	116485	117872	118224	121184	122427	123139	124750	126726	128952	130836	131657	134532	136215	137071	139535	141665	143425	146057	148393	149699
H9	6980	35595	41269	49478	56628	61453	63795	58650	64062	66834	68847	70849	72054	73124	73685	74754	75227	75777	76881	77363	78376	79109	79875	81167	83058	83361	83861	85971	85768	88318	88832	89527	91006	92953	94663	95853	97666	98514	100008	100578	101872	103430	104679	105935	106442	108105
H10	6978	42421	50369	57800	66410	72411	76082	73025	80915	84897	86915	89407	90574	92366	94611	95343	97069	97529	98063	99806	100812	101892	102673	103434	104876	106946	108278	109089	110785	112592	113936	114470	114933	116683	119453	121369	122301	125411	126781	128308	130189	132005	134242	136035	137912	139654
H11	11130	79179	96858	116791	128930	139139	145815	141864	153994	159444	163238	166753	170204	171942	174451	176930	178340	179774	182265	183135	185336	186455	187644	189667	191348	193274	195441	196712	197960	200506	203888	204868	206752	208871	213853	217766	218968	222572	225460	229344	230911	233730	236248	241023	242321	246116
H12																																														
																																														
End Time				2018-01-10 10:38:15																																										
																																														
Warning	Execution of 'masterkurs2018_n2a_undifferentiated' was interupted by the user.																																													
